simbad,propid,name,pi_l,pi_f,date,ra,dec,mode,nfiles,title,bibcode,altnames,simbad,jd
LS   V +52   21,11926,G191B2B,Deustua,Susana,2010-08-09,76.37755,52.83109444444,WFC3 IR G141,26,"['ultralytics/yolov5: v5.0 - yolov5-p6 1280 models, aws, supervise.ly and youtube integrations', 'impact of $^7$be breakup on $^7$li(p,n) neutron spectrum', 'a calibration of nicmos camera 2 for low count rates']","['2021zndo...3908559J', '2021arXiv210801382V', '2015AJ....149..159R']","['** WNO   44B' '1RXS J050525.8+524913' '1SWASP J050530.60+524951.9'
 '2EUVE J0505+52.8' '2MASS J05053062+5249519' '2RE J0505+524'
 '2RE J050530+524941' 'ALS  8157' 'BD+52   913' 'EGGR 247'
 'EUVE J0505+52.8' 'FB  44' 'G 191-2B' 'G 191-B2B' 'GCRV 21703'
 'Gaia DR2 266077145295627520' 'HIC  23692' 'HIP  23692' 'LS   V +52   21'
 'RE J0505+52' 'RE J0505+524' 'RE J050530+524929' 'RX J0505.5+5250'
 'TIC 327587572' 'TYC 3734-2324-1' 'USNO 122' 'VVO 366' 'WD 0501+524'
 'WD 0501+527' 'WDS J05055+5249B' '[SPB96]  679'
 '[VKN2011] J050530.7+524950' 'uvby98 005200913']",LS   V +52   21,2455417.5
HAT-P-13,12181,HAT-13,Deming,Drake,2010-09-08,129.8823895891,47.35194585103,WFC3 IR G141,200,,,,,2455447.5
WASP-12,12181,WASP-12,Deming,Drake,2010-10-10,97.63666666667,29.67222222222,WFC3 IR G141,28,"['exoplanet transit spectroscopy using wfc3: wasp-12 b, wasp-17 b, and wasp-19 b', 'the atmospheric circulation of the hot jupiter wasp-43b: comparing three-dimensional models to spectrophotometric data', 'transmission spectroscopy of the hot jupiter wasp-12b from 0.7 to 5 μm', 'from thermal dissociation to condensation in the atmospheres of ultra hot jupiters: wasp-121b in context', 'probing the extreme planetary atmosphere of wasp-12b', 'estimating dayside effective temperatures of hot jupiters and associated uncertainties through gaussian process regression', 'the complete transmission spectrum of wasp-39b with a precise water constraint', 'a photochemical model for the carbon-rich planet wasp-12b', 'a new approach to spectroscopic phase curves. the emission spectrum of wasp-12b observed in quadrature with hst/wfc3']","['2013ApJ...779..128M', '2015ApJ...801...86K', '2014AJ....147..161S', '2018A&A...617A.110P', '2013Icar..225..432S', '2019MNRAS.489..941P', '2018AJ....155...29W', '2012ApJ...745...77K', '2021A&A...646A..94A']","['2MASS J06303279+2940202' 'Gaia DR1 3435282862461427072'
 'Gaia DR2 3435282862461427072' 'NAME Bergfors-6' 'SPOCS 2670'
 'TIC 86396382' 'TYC 1891-1178-1' 'UCAC2  42216354' 'WASP-12']",WASP-12,2455479.5
GJ  4130,11740,HD-189733,Pont,Frederic,2010-11-10,300.1821201091,22.71011413196,WFC3 IR G141,216,,,,,2455510.5
TIC 116264089,12181,TRES-3,Deming,Drake,2011-03-02,268.0290786395,37.54626593382,WFC3 IR G141,220,,,,,2455622.5
WASP-12,12230,WASP-12,Swain,Mark,2011-04-16,97.63663914337,29.67227834798,WFC3 IR G141,1160,"['exoplanet transit spectroscopy using wfc3: wasp-12 b, wasp-17 b, and wasp-19 b', 'the atmospheric circulation of the hot jupiter wasp-43b: comparing three-dimensional models to spectrophotometric data', 'transmission spectroscopy of the hot jupiter wasp-12b from 0.7 to 5 μm', 'from thermal dissociation to condensation in the atmospheres of ultra hot jupiters: wasp-121b in context', 'probing the extreme planetary atmosphere of wasp-12b', 'estimating dayside effective temperatures of hot jupiters and associated uncertainties through gaussian process regression', 'the complete transmission spectrum of wasp-39b with a precise water constraint', 'a photochemical model for the carbon-rich planet wasp-12b', 'a new approach to spectroscopic phase curves. the emission spectrum of wasp-12b observed in quadrature with hst/wfc3']","['2013ApJ...779..128M', '2015ApJ...801...86K', '2014AJ....147..161S', '2018A&A...617A.110P', '2013Icar..225..432S', '2019MNRAS.489..941P', '2018AJ....155...29W', '2012ApJ...745...77K', '2021A&A...646A..94A']","['2MASS J06303279+2940202' 'Gaia DR1 3435282862461427072'
 'Gaia DR2 3435282862461427072' 'NAME Bergfors-6' 'SPOCS 2670'
 'TIC 86396382' 'TYC 1891-1178-1' 'UCAC2  42216354' 'WASP-12']",WASP-12,2455667.5
WASP-18,12181,WASP-18,Deming,Drake,2011-06-25,24.3542951401,-45.67788744741,WFC3 IR G141,312,"['estimating dayside effective temperatures of hot jupiters and associated uncertainties through gaussian process regression', 'climate of an ultra hot jupiter. spectroscopic phase curve of wasp-18b with hst/wfc3', 'h- and dissociation in ultra-hot jupiters: a retrieval case study of wasp-18b', 'secondary eclipses of wasp-18b - near-infrared observations with the anglo-australian telescope, the magellan clay telescope and the lcogt network', 'atmospheric characterization of giant exoplanets in extreme environments']","['2019MNRAS.489..941P', '2019A&A...625A.136A', '2020AJ....159..232G', '2019MNRAS.483.5110K', '2017PhDT.......144W']","['2MASS J01372503-4540404' 'CD-46   449' 'CPC  0   759' 'CPD-46   168'
 'GEN# +1.00010069' 'GSC 08040-00072' 'Gaia DR1 4955371363037611136'
 'Gaia DR2 4955371367334610048' 'HD  10069' 'HIC   7562' 'HIP   7562'
 'PPM 306061' 'RAVE J013725.0-454040' 'SAO 215585' 'SPOCS 2511'
 'TIC 100100827' 'TOI-185' 'TYC 8040-72-1' 'UBV    1689' 'WASP-18'
 'WASP-18A' '[CS62] E1  13']",WASP-18,2455737.5
WASP-19,12181,WASP-19,Deming,Drake,2011-07-01,148.4168122575,-45.65914174561,WFC3 IR G141,550,"['exoplanet transit spectroscopy using wfc3: wasp-12 b, wasp-17 b, and wasp-19 b', 'an hst optical-to-near-ir transmission spectrum of the hot jupiter wasp-19b: detection of atmospheric water and likely absence of tio', 'the atmospheric circulation of the hot jupiter wasp-43b: comparing three-dimensional models to spectrophotometric data', 'access: a featureless optical transmission spectrum for wasp-19b from magellan/imacs', 'a population study of gaseous exoplanets']","['2013ApJ...779..128M', '2013MNRAS.434.3252H', '2015ApJ...801...86K', '2019MNRAS.482.2065E', '2018AJ....155..156T']","['2MASS J09534008-4539330' 'ASTEP A-009-1934-2269' 'ASTEP V-0161'
 'GSC 08181-01711' 'GSC2 S1302222242' 'GSC2.3 S5NU000242'
 'Gaia DR2 5411736896952029568' 'SPOCS 2745' 'TIC 35516889' 'TOI-655'
 'UCAC2  12190908' 'UCAC3 89-92022' 'UCAC4 222-041382'
 'USNO-B1.0 0443-00193111' 'WASP-19']",WASP-19,2455743.5
WASP-17,12181,WASP-17,Deming,Drake,2011-07-08,239.96226303,-28.06178518634,WFC3 IR G141,132,"['exoplanet transit spectroscopy using wfc3: wasp-12 b, wasp-17 b, and wasp-19 b', 'the transmission spectrum of wasp-17 b from the optical to the near-infrared wavelengths: combining stis, wfc3 and irac datasets', 'transmission spectroscopy of the hot-jupiter wasp-79b from 0.6 to 1.7 μm']","['2013ApJ...779..128M', '2021arXiv210813721S', '2018AGUFM.P44B..07S']","['1SWASP J155950.94-280342.3' '2MASS J15595095-2803422' 'CD-27 10695'
 'DENIS J155950.9-280342' 'GSC 06787-01927' 'Gaia DR1 6042793001473655936'
 'Gaia DR2 6042793005779654656' 'NAME Diwo' 'SPOCS 2912' 'TIC 66818296'
 'TYC 6787-1927-1' 'UCAC2  20178691' 'USNO-B1.0 0619-00419495' 'WASP-17']",WASP-17,2455750.5
HAT-P-7,12181,HAT-7,Deming,Drake,2011-07-18,292.2472735992,47.96957261136,WFC3 IR G141,880,"['the influence of nonuniform cloud cover on transit transmission spectra', 'estimating dayside effective temperatures of hot jupiters and associated uncertainties through gaussian process regression', 'the hubble pancet program: a metal-rich atmosphere for the inflated hot jupiter hat-p-41b', 'diagnosing clouds and hazes in exoplanet atmospheres', 'an hst/wfc3 thermal emission spectrum of the hot jupiter hat-p-7b', 'atmospheric characterization of giant exoplanets in extreme environments']","['2016ApJ...820...78L', '2019MNRAS.489..941P', '2021AJ....161...51S', '2015PhDT........66F', '2018AJ....156...10M', '2017PhDT.......144W']","['2MASS J19285935+4758102' 'AG+47 1439' 'BD+47  2846' 'GSC 03547-01402'
 'Gaia DR1 2129256390911665920' 'Gaia DR2 2129256395211984000' 'HAT-P-7'
 'KIC 10666592' 'KOI-2' 'Kepler-2' 'PPM  58383' 'SPOCS 4118'
 'TIC 424865156' 'TYC 3547-1402-1']",HAT-P-7,2455760.5
GJ  4130,12181,HD189733,Deming,Drake,2011-09-10,300.1821046763,22.71005160853,WFC3 IR G141,113,,,,,2455814.5
CoRoT 101206560,12181,COROT-2,Deming,Drake,2011-09-23,291.7770674337,1.383694930761,WFC3 IR G141,825,,,,,2455827.5
XO-1,12181,XO-1,Deming,Drake,2011-09-30,240.5492604215,28.16960449972,WFC3 IR G141,129,"['infrared transmission spectroscopy of the exoplanets hd 209458b and xo-1b using the wide field camera-3 on the hubble space telescope', 'physical properties and optical-infrared transmission spectrum of the giant planet xo-1 b']","['2013ApJ...774...95D', '2018MNRAS.481.4261S']","['1SWASP J160211.83+281010.4' '2MASS J16021184+2810105' 'BD+28  2507'
 'GSC 02041-01657' 'Gaia DR1 1316708914208902528'
 'Gaia DR2 1316708918505350528' 'NAME Moldoveanu' 'SPOCS 2914'
 'TIC 236312126' 'TYC 2041-1657-1' 'XO-1']",XO-1,2455834.5
WASP-31,12473,WASP-31,Sing,David,2012-05-13,169.4388817504,-19.05479189065,WFC3 IR G141,75,"['signatures of nitrogen chemistry in hot jupiter atmospheres', 'access: confirmation of no potassium in the atmosphere of wasp-31b']","['2017ApJ...850L..15M', '2020AJ....160..230M']","['** WSP   31A' '2MASS J11174536-1903171' 'GSC 06087-01053'
 'Gaia DR2 3545873945303316224' 'SPOCS 2783' 'TIC 437248515'
 'TYC 6087-1053-1' 'UCAC2  24347991' 'UCAC3 142-137538'
 'USNO-B1.0 0709-00239208' 'WASP-31' 'WDS J11178-1903A']",WASP-31,2456060.5
TIC 346338553,12473,HAT-1C,Sing,David,2012-07-05,344.4432721017,38.67429776104,WFC3 IR G141,112,,,,,2456113.5
HD 209458,12181,HD209458,Deming,Drake,2012-09-25,330.7950216418,18.88431019268,WFC3 IR G141,126,"['a framework to combine low- and high-resolution spectroscopy for the atmospheres of transiting exoplanets', 'estimating dayside effective temperatures of hot jupiters and associated uncertainties through gaussian process regression', 'testing known and unknown systematics in hst/wfc3 spatial scans with the wayne simulator', 'the pyrat bay framework for exoplanet atmospheric modelling: a population study of hubble/wfc3 transmission spectra', 'jexosim 2.0: end-to-end jwst simulator for exoplanet spectroscopy - implementation and case studies', 'infrared transmission spectroscopy of the exoplanets hd 209458b and xo-1b using the wide field camera-3 on the hubble space telescope', 'no thermal inversion and a solar water abundance for the hot jupiter hd 209458b from hst/wfc3 spectroscopy', 'the prevalence of dust on the exoplanet hd 189733b from hubble and spitzer observations', 'the atmospheric circulation of the hot jupiter wasp-43b: comparing three-dimensional models to spectrophotometric data', 'wayne—a simulator for hst  wfc3 ir grism spectroscopy', 'overcast on osiris: 3d radiative-hydrodynamical simulations of a cloudy hot jupiter using the parametrized, phase-equilibrium cloud formation code eddysed', 'signatures of nitrogen chemistry in hot jupiter atmospheres', 'hydra-h: simultaneous hybrid retrieval of exoplanetary emission spectra', 'atmospheric circulation of hot jupiters and super earths']","['2017ApJ...839L...2B', '2019MNRAS.489..941P', '2019arXiv190801692T', '2021MNRAS.505.2675C', '2021MNRAS.508..433S', '2013ApJ...774...95D', '2016AJ....152..203L', '2013MNRAS.432.2917P', '2015ApJ...801...86K', '2017ApJS..231...13V', '2019MNRAS.488.1332L', '2017ApJ...850L..15M', '2019AJ....158..228G', '2014PhDT.......416K']","['2MASS J22031077+1853036' 'AG+18 2243' 'AGKR 19726' 'BD+18  4917'
 'GEN# +1.00209458' 'GSC 01688-01821' 'Gaia DR1 1779546753373081600'
 'Gaia DR2 1779546757669063552' 'HD 209458' 'HIC 108859' 'HIP 108859'
 'PPM 141002' 'SAO 107623' 'SKY# 42008' 'SPOCS  953' 'TIC 420814525'
 'TYC 1688-1821-1' 'V* V376 Pe' 'YZ  18  9012' 'uvby98 100209458']",HD 209458,2456195.5
HAT-P-11,12449,HAT-P-11,Deming,Drake,2012-12-16,297.7096020075,48.08110998868,WFC3 IR G141,214,"['detection of helium in the atmosphere of the exo-neptune hat-p-11b', 'diagnosing clouds and hazes in exoplanet atmospheres', 'the influence of nonuniform cloud cover on transit transmission spectra']","['2018ApJ...868L..34M', '2015PhDT........66F', '2016ApJ...820...78L']","['2MASS J19505021+4804508' 'ASCC  346382' 'BD+47  2936' 'G 208-41'
 'GSC 03561-02092' 'Gaia DR1 2086512223550151936'
 'Gaia DR2 2086512227851023872' 'HAT-P-11' 'HIC  97657' 'HIP  97657'
 'KIC 10748390' 'KOI-3' 'Kepler-3' 'LSPM J1950+4804' 'NLTT 48335'
 'SPOCS 4127' 'TIC 28230919' 'TYC 3561-2092-1' 'USNO-B1.0 1380-00392296'
 'WISEA J195050.38+480453.5']",HAT-P-11,2456277.5
GJ   436,11622,GJ-436,Knutson,Heather,2013-01-02,175.5494900896,26.70365716946,WFC3 IR G141,480,"['a hubble space telescope search for a sub-earth-sized exoplanet in the gj 436 system', 'forward and inverse modeling of the emission and transmission spectrum of gj 436b: investigating metal enrichment, tidal heating, and clouds']","['2014ApJ...796...32S', '2017AJ....153...86M']","['1RXS J114211.9+264328' '2MASS J11421096+2642251' 'AC +27 28217'
 'ASCC  683818' 'BPS BS 15625-0002' 'CSI+26-11395' 'CSI+27-11394'
 'CSI+27-11395' 'G 120-68' 'G 121-7' 'G 147-68' 'GCRV  7104'
 'GEN# +9.80120068' 'GJ   436' 'Gaia DR1 4017861056947245696'
 'Gaia DR2 4017860992519744384' 'HIC  57087' 'HIP  57087'
 'Karmn J11421+267' 'LFT  838' 'LHS   310' 'LP  319-75' 'LSPM J1142+2642'
 'LTT 13213' 'MCC 616' 'NLTT 28288' 'PLX 2704.1' 'PLX 2704.10'
 'PM 11395+2700' 'PM J11421+2642' 'Ross  905' 'StKM 2-754' 'TIC 138819293'
 'TYC 1984-2613-1' 'UCAC2  41198281' 'UCAC4 584-046777'
 'USNO-B1.0 1167-00204205' 'VVO 171' 'WEB 10275'
 'WISEA J114211.79+264215.1' 'Zkh 164' '[RHG95]  1830']",GJ   436,2456294.5
WASP-33,12495,WASP-33,Deming,Drake,2013-01-14,36.71274430429,37.5504669569,WFC3 IR G141,240,"['estimating dayside effective temperatures of hot jupiters and associated uncertainties through gaussian process regression', 'spectroscopic evidence for a temperature inversion in the dayside atmosphere of hot jupiter wasp-33b', 'from thermal dissociation to condensation in the atmospheres of ultra hot jupiters: wasp-121b in context']","['2019MNRAS.489..941P', '2015ApJ...806..146H', '2018A&A...617A.110P']","['1SWASP J022651.05+373301.7' '2MASS J02265106+3733017' 'AG+37  282'
 'BD+36   489' 'GEN# +1.00015082' 'GPM  36.712745+37.550502' 'GPM1  84'
 'GSC 02831-00594' 'Gaia DR1 328636019723252096'
 'Gaia DR2 328636019723252096' 'HD  15082' 'HIC  11397' 'HIP  11397'
 'PPM  67341' 'Pul -3  190002' 'Renson 3750' 'SAO  55561' 'TD1  1417'
 'TIC 129979528' 'TYC 2831-594-1' 'WASP-33' 'uvby98 100015082']",WASP-33,2456306.5
GJ  3470,13064,GJ-3470,Ehrenreich,David,2013-02-07,119.7737937212,15.39133833283,WFC3 IR G141,360,['near-infrared transmission spectrum of the warm-uranus gj 3470b with the wide field camera-3 on the hubble space telescope'],['2014A&A...570A..89E'],"['2MASS J07590587+1523294' 'Cl* Melotte   25    EGG      29' 'GJ  3470'
 'Gaia DR2 654687847820642560' 'Karmn J07590+153' 'LP  424-4'
 'LSPM J0759+1523' 'NLTT 18739' 'PM J07590+1523' 'TIC 19028197'
 'UCAC4 527-044913' 'USNO-B1.0 1053-00160863' '[RHG95]  1255']",GJ  3470,2456330.5
GJ  4130,12881,HD189733,McCullough,Peter,2013-06-24,300.1821256316,22.70993440508,WFC3 IR G141,320,,,,,2456467.5
GJ  1214,13021,GJ-1214,Bean,Jacob,2013-08-20,258.8310290207,4.96125173171,WFC3 IR G141,1145,"['atmospheric circulation of hot jupiters and super earths', 'diagnosing clouds and hazes in exoplanet atmospheres']","['2014PhDT.......416K', '2015PhDT........66F']","['** GJ 1214A' '2MASS J17151894+0457496' 'G 139-21' 'GEN# +9.80139021'
 'GJ  1214' 'Gaia DR2 4393265392167891712' 'LHS  3275' 'LSPM J1715+0457'
 'NLTT 44431' 'PLX 3913.01' 'PM J17153+0457' 'TIC 467929202'
 'UBV M  53793' 'UCAC4 475-063069' 'USNO 256' 'USNO-B1.0 0949-00280047'
 'WDS J17153+0458A' 'WISEA J171519.33+045742.2' '[RHG95]  2724']",GJ  1214,2456524.5
HAT-P-17,12956,HAT-P-17,Huitson,Catherine,2013-11-24,324.5360376165,30.48824599816,WFC3 IR G141,100,"['hubble pancet: an isothermal day-side atmosphere for the bloated gas-giant hat-p-32ab', 'the hubble pancet program: a metal-rich atmosphere for the inflated hot jupiter hat-p-41b']","['2018MNRAS.474.1705N', '2021AJ....161...51S']","['2MASS J21380873+3029193' 'AG+30 2390' 'CSI+30-21359' 'GSC 02717-00417'
 'Gaia DR1 1849786476735149312' 'Gaia DR2 1849786481031300608' 'HAT-P-17'
 'PPM  86827' 'TIC 266593143' 'TYC 2717-417-1' 'UCAC2  42502612'
 'UCAC3 241-286689']",HAT-P-17,2456620.5
WASP-43,13467,WASP-43,Bean,Jacob,2013-12-05,154.9083666667,-9.806275,WFC3 IR G141,1139,"['the impact of non-uniform thermal structure on the interpretation of exoplanet emission spectra', 'estimating dayside effective temperatures of hot jupiters and associated uncertainties through gaussian process regression', 'the atmospheric circulation of the hot jupiter wasp-43b: comparing three-dimensional models to spectrophotometric data', 'aluminium oxide in the atmosphere of hot jupiter wasp-43b', '2.5d retrieval of atmospheric properties from exoplanet phase curves: application to wasp-43b observations', 'access: a visual to near-infrared spectrum of the hot jupiter wasp-43b with evidence of h<sub>2</sub>o, but no evidence of na or k', 'the dark world: a tale of wasp-43b in reflected light with hst wfc3/uvis', 'atmospheric circulation of hot jupiters and super earths']","['2016ApJ...829...52F', '2019MNRAS.489..941P', '2015ApJ...801...86K', '2020A&A...639A...3C', '2020MNRAS.493..106I', '2020AJ....159...13W', '2021AJ....161..269F', '2014PhDT.......416K']","['2MASS J10193800-0948225' 'DENIS J101938.0-094822' 'GSC 05490-00141'
 'Gaia DR2 3767805209112436736' 'TIC 36734222' 'UCAC2  28372759'
 'UCAC3 161-111847' 'WASP-43']",WASP-43,2456631.5
GJ  3651,13501,HD-97658,Knutson,Heather,2014-01-08,168.6377160469,25.710576247,WFC3 IR G141,423,,,,,2456665.5
HD 165459,13573,HD-165459,Long,Knox,2014-01-09,270.6279899674,58.62735726998,WFC3 IR G141,345,,,,,2456666.5
WASP-12,13467,WASP-12,Bean,Jacob,2014-03-04,97.63664166667,29.67230277778,WFC3 IR G141,724,"['exoplanet transit spectroscopy using wfc3: wasp-12 b, wasp-17 b, and wasp-19 b', 'the atmospheric circulation of the hot jupiter wasp-43b: comparing three-dimensional models to spectrophotometric data', 'transmission spectroscopy of the hot jupiter wasp-12b from 0.7 to 5 μm', 'from thermal dissociation to condensation in the atmospheres of ultra hot jupiters: wasp-121b in context', 'probing the extreme planetary atmosphere of wasp-12b', 'estimating dayside effective temperatures of hot jupiters and associated uncertainties through gaussian process regression', 'the complete transmission spectrum of wasp-39b with a precise water constraint', 'a photochemical model for the carbon-rich planet wasp-12b', 'a new approach to spectroscopic phase curves. the emission spectrum of wasp-12b observed in quadrature with hst/wfc3']","['2013ApJ...779..128M', '2015ApJ...801...86K', '2014AJ....147..161S', '2018A&A...617A.110P', '2013Icar..225..432S', '2019MNRAS.489..941P', '2018AJ....155...29W', '2012ApJ...745...77K', '2021A&A...646A..94A']","['2MASS J06303279+2940202' 'Gaia DR1 3435282862461427072'
 'Gaia DR2 3435282862461427072' 'NAME Bergfors-6' 'SPOCS 2670'
 'TIC 86396382' 'TYC 1891-1178-1' 'UCAC2  42216354' 'WASP-12']",WASP-12,2456720.5
WASP-18,13467,WASP-18,Bean,Jacob,2014-08-27,24.35430875,-45.67788611111,WFC3 IR G141,671,"['estimating dayside effective temperatures of hot jupiters and associated uncertainties through gaussian process regression', 'climate of an ultra hot jupiter. spectroscopic phase curve of wasp-18b with hst/wfc3', 'h- and dissociation in ultra-hot jupiters: a retrieval case study of wasp-18b', 'secondary eclipses of wasp-18b - near-infrared observations with the anglo-australian telescope, the magellan clay telescope and the lcogt network', 'atmospheric characterization of giant exoplanets in extreme environments']","['2019MNRAS.489..941P', '2019A&A...625A.136A', '2020AJ....159..232G', '2019MNRAS.483.5110K', '2017PhDT.......144W']","['2MASS J01372503-4540404' 'CD-46   449' 'CPC  0   759' 'CPD-46   168'
 'GEN# +1.00010069' 'GSC 08040-00072' 'Gaia DR1 4955371363037611136'
 'Gaia DR2 4955371367334610048' 'HD  10069' 'HIC   7562' 'HIP   7562'
 'PPM 306061' 'RAVE J013725.0-454040' 'SAO 215585' 'SPOCS 2511'
 'TIC 100100827' 'TOI-185' 'TYC 8040-72-1' 'UBV    1689' 'WASP-18'
 'WASP-18A' '[CS62] E1  13']",WASP-18,2456896.5
HD 165459,13625,HD-165459,Long,Knox,2014-09-04,270.6279925114,58.62736553227,WFC3 IR G141,122,,,,,2456904.5
HD 209458,13467,HD-209458,Bean,Jacob,2014-12-31,330.79488375,18.88431666667,WFC3 IR G141,1100,"['a framework to combine low- and high-resolution spectroscopy for the atmospheres of transiting exoplanets', 'estimating dayside effective temperatures of hot jupiters and associated uncertainties through gaussian process regression', 'testing known and unknown systematics in hst/wfc3 spatial scans with the wayne simulator', 'the pyrat bay framework for exoplanet atmospheric modelling: a population study of hubble/wfc3 transmission spectra', 'jexosim 2.0: end-to-end jwst simulator for exoplanet spectroscopy - implementation and case studies', 'infrared transmission spectroscopy of the exoplanets hd 209458b and xo-1b using the wide field camera-3 on the hubble space telescope', 'no thermal inversion and a solar water abundance for the hot jupiter hd 209458b from hst/wfc3 spectroscopy', 'the prevalence of dust on the exoplanet hd 189733b from hubble and spitzer observations', 'the atmospheric circulation of the hot jupiter wasp-43b: comparing three-dimensional models to spectrophotometric data', 'wayne—a simulator for hst  wfc3 ir grism spectroscopy', 'overcast on osiris: 3d radiative-hydrodynamical simulations of a cloudy hot jupiter using the parametrized, phase-equilibrium cloud formation code eddysed', 'signatures of nitrogen chemistry in hot jupiter atmospheres', 'hydra-h: simultaneous hybrid retrieval of exoplanetary emission spectra', 'atmospheric circulation of hot jupiters and super earths']","['2017ApJ...839L...2B', '2019MNRAS.489..941P', '2019arXiv190801692T', '2021MNRAS.505.2675C', '2021MNRAS.508..433S', '2013ApJ...774...95D', '2016AJ....152..203L', '2013MNRAS.432.2917P', '2015ApJ...801...86K', '2017ApJS..231...13V', '2019MNRAS.488.1332L', '2017ApJ...850L..15M', '2019AJ....158..228G', '2014PhDT.......416K']","['2MASS J22031077+1853036' 'AG+18 2243' 'AGKR 19726' 'BD+18  4917'
 'GEN# +1.00209458' 'GSC 01688-01821' 'Gaia DR1 1779546753373081600'
 'Gaia DR2 1779546757669063552' 'HD 209458' 'HIC 108859' 'HIP 108859'
 'PPM 141002' 'SAO 107623' 'SKY# 42008' 'SPOCS  953' 'TIC 420814525'
 'TYC 1688-1821-1' 'V* V376 Pe' 'YZ  18  9012' 'uvby98 100209458']",HD 209458,2457022.5
WASP-103,13660,2MASS-J16371556+0711000,Zhao,Ming,2015-06-17,249.3148666667,7.183352777778,WFC3 IR G141,238,"['high-precision multiwavelength eclipse photometry of the ultra-hot gas giant exoplanet wasp-103 b', 'estimating dayside effective temperatures of hot jupiters and associated uncertainties through gaussian process regression', 'ground-based transmission spectroscopy with fors2: a featureless optical transmission spectrum and detection of h<sub>2</sub>o for the ultra-hot jupiter wasp-103b', 'global climate and atmospheric composition of the ultra-hot jupiter wasp-103b from hst and spitzer phase curve observations', 'climate of an ultra hot jupiter. spectroscopic phase curve of wasp-18b with hst/wfc3']","['2018MNRAS.474.2334D', '2019MNRAS.489..941P', '2020MNRAS.497.5155W', '2018AJ....156...17K', '2019A&A...625A.136A']","['1SWASP J163715.59+071100.0' '2MASS J16371556+0711000'
 'Gaia DR2 4439085988769170432' 'SPOCS 3254' 'TIC 276754403' 'WASP-103']",WASP-103,2457190.5
WASP-103,14050,2MASS-J16371556+0711000,Kreidberg,Laura,2015-08-03,249.3148666667,7.183352777778,WFC3 IR G141,536,"['high-precision multiwavelength eclipse photometry of the ultra-hot gas giant exoplanet wasp-103 b', 'estimating dayside effective temperatures of hot jupiters and associated uncertainties through gaussian process regression', 'ground-based transmission spectroscopy with fors2: a featureless optical transmission spectrum and detection of h<sub>2</sub>o for the ultra-hot jupiter wasp-103b', 'global climate and atmospheric composition of the ultra-hot jupiter wasp-103b from hst and spitzer phase curve observations', 'climate of an ultra hot jupiter. spectroscopic phase curve of wasp-18b with hst/wfc3']","['2018MNRAS.474.2334D', '2019MNRAS.489..941P', '2020MNRAS.497.5155W', '2018AJ....156...17K', '2019A&A...625A.136A']","['1SWASP J163715.59+071100.0' '2MASS J16371556+0711000'
 'Gaia DR2 4439085988769170432' 'SPOCS 3254' 'TIC 276754403' 'WASP-103']",WASP-103,2457237.5
Kepler-138,13665,KEPLER-138,Benneke,Bjorn,2015-10-17,290.3815606055,43.2931200584,WFC3 IR G141,266,,,,,2457312.5
GJ  3470,13665,GJ-3470,Benneke,Bjoern,2015-10-22,119.7736961513,15.39130946159,WFC3 IR G141,228,['near-infrared transmission spectrum of the warm-uranus gj 3470b with the wide field camera-3 on the hubble space telescope'],['2014A&A...570A..89E'],"['2MASS J07590587+1523294' 'Cl* Melotte   25    EGG      29' 'GJ  3470'
 'Gaia DR2 654687847820642560' 'Karmn J07590+153' 'LP  424-4'
 'LSPM J0759+1523' 'NLTT 18739' 'PM J07590+1523' 'TIC 19028197'
 'UCAC4 527-044913' 'USNO-B1.0 1053-00160863' '[RHG95]  1255']",GJ  3470,2457317.5
HAT-P-18,14099,HAT-P-18,Mikal-Evans,Thomas,2015-10-30,256.3463508215,33.01229733517,WFC3 IR G141,99,"['estimating dayside effective temperatures of hot jupiters and associated uncertainties through gaussian process regression', 'atmospheric characterization of giant exoplanets in extreme environments']","['2019MNRAS.489..941P', '2017PhDT.......144W']","['2MASS J17052315+3300450' 'GSC 02594-00646'
 'Gaia DR2 1334573817793362560' 'HAT-P-18' 'SPOCS 3268' 'TIC 21744120'
 'UCAC2  43456357' 'UCAC3 247-120011']",HAT-P-18,2457325.5
WASP-76,14260,WASP-76,Deming,Drake,2015-11-26,26.63315939135,2.700302441588,WFC3 IR G141,93,"['ares i: wasp-76 b, a tale of two hst spectra', 'a population study of gaseous exoplanets']","['2020AJ....160....8E', '2018AJ....155..156T']","['1SWASP J014631.86+024202.0' '2MASS J01463185+0242019' 'AG+02  184'
 'BD+01   316' 'GSC 00032-00111' 'Gaia DR2 2512326349403275520'
 'PPM 144970' 'SAO 110122' 'TIC 293435336' 'TYC   32-111-1' 'WASP-76'
 'YZ   2   503']",WASP-76,2457352.5
GJ   324 A,13665,55-CANCRI,Benneke,Bjorn,2015-12-13,133.1468194471,28.32978915069,WFC3 IR G141,282,"['computations of the viscoelastic response of a 3-d compressible earth to surface loading: an application to glacial isostatic adjustment in antarctica and canada', 'a reconciled estimate of ice-sheet mass balance', 'isotopic composition of precipitation in italy: a first overall map', 'holoviz/panel: version 0.11.0', 'jpfairbanks/semanticmodels.jl: release v0.3.0', 'a global model: empirical orthogonal function analysis of total electron content 1999-2009 data', 'analyzing the hemispheric asymmetry in the thermospheric density response to geomagnetic storms', 'extraction of the gluon density of the proton at x', 'spatio-temporal variation of vegetation coverage and its response to climate change in north china plain in the last 33 years', 'fiber bragg grating period reconstruction using time-frequency signal analysis and application to distributed sensing', 'riverine export and the effects of circulation on dissolved organic carbon in the hudson bay system, canada', 'spatial variation of correlations between vertical soil water and evapotranspiration and their controlling factors in a semi-arid region', 'a global gridded dataset of grace drought severity index for 2002-14: comparison with pdsi and spei and a case study of the australia millennium drought', 'the effects of laterally varying icy shell structure on the tidal response of ganymede and europa', 'expansion in the width and collective dynamics of a domain wall', 'late mesozoic-cenozoic evolution of the sanjiang basin in ne china and its tectonic implications for the west pacific continental margin', 'nonlinearly realized local scale invariance: gravity and matter', 'entropy squeezing and atomic inversion in the k-photon jaynes—cummings model in the presence of the stark shift and a kerr medium: a full nonlinear approach', 'derepression of ethylene-stabilized transcription factors (ein3/eil1) mediates jasmonate and ethylene signaling synergy in arabidopsis', 'clay mineralogy of the nickel laterite ore developed from serpentinised peridotites at murrin murrin, western australia', 'collective band structures in the neutron-rich <sup>107,109</sup>ru nuclei', 'reflection asymmetric shapes in the neutron-rich <sup>140,143</sup>ba isotopes', 'deformed photon-added entangled squeezed vacuum and one-photon states: entanglement, polarization, and nonclassical properties', 'synthesis of thin bundled single walled carbon nanotubes and nanohorn hybrids by arc discharge technique in open air atmosphere', 'the results of extirpation of the anterior lobe of the hypophysis and of the thyroid of rana pipiens larvae', 'impact of changes in grace derived terrestrial water storage on vegetation growth in eurasia', '5 years of gps observations of the afar triplejunction area', 'activated carbon nanospheres derived from bio-waste materials for supercapacitor applications – a review', 'satellite-observed changes in vegetation sensitivities to surface soil moisture and total water storage variations since the 2011 texas drought', 'single-step absorption and phase retrieval with polychromatic x rays using a spectral detector', 'flow and heat transfer of a nanofluid over a hyperbolically stretching sheet', 'nature and origin of the submarine albany canyons off southwest australia', 'spectral absorption coefficient of photosynthetically active pigments in the equatorial pacific ocean (165°11 150°w)', 'a benchmark study of numerical implementations of the sea level equation in gia modelling', 'observation of negative line tensions from plateau border regions in dry foam films', 'vertical variations of soil water and its controlling factors based on the structural equation model in a semi-arid grassland', 'some continuous analogs of expansion in jacobi polynomials and vector valued hypergeometric orthogonal bases', 'a new standard of light', 'removal of phenol, bisphenol a, and 4-tert-butylphenol from synthetic landfill leachate by vertical flow constructed wetlands', 'detrital zircon u-pb geochronology and stratigraphy of the cretaceous sanjiang basin in ne china: provenance record of an abrupt tectonic switch in the mode and nature of the ne asian continental margin evolution', 'powerful quasi-steady-state plasma accelerator for fusion experiments', 'controls of carbon flux in a semi-arid grassland ecosystem experiencing wetland loss: vegetation patterns and environmental variables', 'importance of uniaxial compression for the appearance of superconductivity in ndo<sub>1-x</sub>f<sub>x</sub>bis<sub>2</sub>', 'satellite detection of varying seasonal water supply restrictions on grassland productivity in the missouri basin, usa', 'stratification response of soil water content during rainfall events under different rainfall patterns', 'polydopamine nanotube mediated fluorescent biosensor for hg(ii) determination through exonuclease iii-assisted signal amplification', 'growth and characterization of zno multipods on functional surfaces with different sizes and shapes of ag particles', 'removal of heavy metals from synthetic landfill leachate in lab-scale vertical flow constructed wetlands', 'maximum spin aligned states in <sup>98</sup> <sub>47</sub>ag<sub>51</sub>', 'privacy guidelines for contact tracing applications']","['2013GeoJI.192..557A', '2012Sci...338.1183S', '2003JHyd..270...75A', '2021zndo...4573728R', '2020zndo...3800254J', '2012JGRA..117.3328A', '2012JGRA..117.8317A', '1995PhLB..345..576D', '2016IJAEO..53..103A', '2001JLwT...19..646A', '2010LimOc..55..315A', '2019JHyd..574...53A', '2017JHyMe..18.2117Z', '2014JGRE..119..659A', '1998NuPhB.509..273A', '2012JAESc..49..287Z', '2004PhLB..584..133D', '2014ChPhB..23g4203H', '2011PNAS..10812539Z', '2005AuJES..52..231A', '1998ChPhL..15..793Z', '1997ChPhL..14..569Z', '2016ChPhB..25d0303A', '2015DRM....55...12A', '1916Sci....44..755A', '2015ERL....10l4024A', '1999JGeo...28..225A', '2015RSCAd...588339A', '2017ERL....12e4006A', '2013OptL...38.1461G', '2014ChPhB..23g4401A', '2005AuJES..52..101N', '1997DSRII..44.1881D', '2018GeoJI.215..389M', '2004PMagL..84..199G', '2019ScTEn.691.1016A', '2003math......9445A', '1879Natur..21..158A', '2017ScTEn.578..566A', '2015Tectp.665...58Z', '2002BrJPh..32..165T', '2018AgFM..259..196F', '2014JPhCS.507a2033A', '2020RSEnv.239k1623A', '2018HyPr...32.3128A', '2018Ana...143.2623A', '2013ChPhB..22h8103A', '2017ScTEn.584..742A', '1998EPJA....1....7C', '2020arXiv200413328S']","['*  55 Cn' '* rho Cn' '* rho01 Cn' '** LDS 6219A'
 '2MASS J08523579+2819509' 'AG+28  954' 'AKARI-IRC-V1 J0852355+281949'
 'ASCC  678466' 'BD+28  1660' 'BD+28  1660A' 'CSI+28  1660  1'
 'Ci 20  494' 'GC 12244' 'GCRV  5843' 'GEN# +1.00075732A' 'GJ   324 A'
 'Gaia DR2 704967037090946688' 'HD  75732' 'HIC  43587' 'HIP  43587'
 'HR  3522' 'IRAS 08496+2831' 'JP11  1727' 'LFT  609' 'LHS  2062'
 'LSPM J0852+2819' 'LTT 12310' 'N30 2085' 'NAME Copernicus' 'NLTT 20414'
 'PLX 2117' 'PM 08496+2831' 'PM 08496+2831A' 'PPM  99117' 'SAO  80478'
 'SKY# 17095' 'SPOCS  407' 'TIC 332064670' 'TYC 1949-2012-1' 'UBV    8589'
 'UBV M  14808' 'USNO-B1.0 1183-00181854' 'WDS J08526+2820A' 'WEB  8400'
 'WISEA J085235.41+281948.5' 'YPAC 155' 'YZ  28  4722' '[B10]  2380'
 'uvby98 100075732 A']",GJ   324 A,2457369.5
XO-2,13653,XO-2,Griffith,Caitlin,2016-01-06,117.0288239923,50.2210539995,WFC3 IR G141,87,,,,,2457393.5
HAT-P-32,14260,HAT-P-32,Deming,Drake,2016-01-21,31.04275336453,46.68785384974,WFC3 IR G141,90,"['near-ir transmission spectrum of hat-p-32b using hst/wfc3', 'hubble pancet: an isothermal day-side atmosphere for the bloated gas-giant hat-p-32ab']","['2017AJ....154...39D', '2018MNRAS.474.1705N']","['2MASS J02041028+4641162' 'GSC 03281-00800' 'Gaia DR1 356348282588373888'
 'Gaia DR2 356348286886230272' 'HAT-P-32' 'TIC 292152376' 'TYC 3281-800-1'
 'UCAC2  47486078' 'UCAC3 274-27296']",HAT-P-32,2457408.5
WASP-121,14468,WASP-121,Mikal-Evans,Thomas,2016-02-06,107.6002220749,-39.0972466478,WFC3 IR G141,85,"['a population study of gaseous exoplanets', 'hot exoplanet atmospheres resolved with transit spectroscopy (hearts). iv. a spectral inventory of atoms and molecules in the high-resolution transmission spectrum of wasp-121 b', 'from thermal dissociation to condensation in the atmospheres of ultra hot jupiters: wasp-121b in context']","['2018AJ....155..156T', '2020A&A...641A.123H', '2018A&A...617A.110P']","['1SWASP J071024.05-390550.5' '2MASS J07102406-3905506' 'CD-38  3220'
 'Gaia DR1 5565050251402363648' 'Gaia DR2 5565050255701441664'
 'TIC 22529346' 'TOI-495' 'TYC 7630-352-1' 'WASP-121']",WASP-121,2457424.5
HATS-7,14260,HATS-7,Deming,Drake,2016-03-20,208.8567908868,-21.20786193091,WFC3 IR G141,80,['atmospheric characterization of giant exoplanets in extreme environments'],['2017PhDT.......144W'],"['2MASS J13552567-2112276' 'GALAH 160513002101242' 'GSC 06148-00422'
 'Gaia DR2 6288858347945925504' 'HATS-7' 'TIC 220029715']",HATS-7,2457467.5
HD 149026,14260,HD-149026,Deming,Drake,2016-04-03,247.6229775233,38.34754520847,WFC3 IR G141,119,['atmospheric characterization of giant exoplanets in extreme environments'],['2017PhDT.......144W'],"['2MASS J16302962+3820503' 'AG+38 1492' 'AGKR 14732' 'BD+38  2787'
 'GEN# +1.00149026' 'GSC 03063-01587' 'Gaia DR1 1331356470675113344'
 'Gaia DR2 1331356474971716992' 'HD 149026' 'HIC  80838' 'HIP  80838'
 'NAME Ogma' 'PPM  79381' 'SAO  65349' 'SPOCS 2931' 'TIC 255930614'
 'TYC 3063-1587-1' 'uvby98 100149026']",HD 149026,2457481.5
GJ   324 A,14453,55-CNC,Dragomir,Diana,2016-04-13,133.1467034313,28.32977133636,WFC3 IR G141,608,"['computations of the viscoelastic response of a 3-d compressible earth to surface loading: an application to glacial isostatic adjustment in antarctica and canada', 'a reconciled estimate of ice-sheet mass balance', 'isotopic composition of precipitation in italy: a first overall map', 'holoviz/panel: version 0.11.0', 'jpfairbanks/semanticmodels.jl: release v0.3.0', 'a global model: empirical orthogonal function analysis of total electron content 1999-2009 data', 'analyzing the hemispheric asymmetry in the thermospheric density response to geomagnetic storms', 'extraction of the gluon density of the proton at x', 'spatio-temporal variation of vegetation coverage and its response to climate change in north china plain in the last 33 years', 'fiber bragg grating period reconstruction using time-frequency signal analysis and application to distributed sensing', 'riverine export and the effects of circulation on dissolved organic carbon in the hudson bay system, canada', 'spatial variation of correlations between vertical soil water and evapotranspiration and their controlling factors in a semi-arid region', 'a global gridded dataset of grace drought severity index for 2002-14: comparison with pdsi and spei and a case study of the australia millennium drought', 'the effects of laterally varying icy shell structure on the tidal response of ganymede and europa', 'expansion in the width and collective dynamics of a domain wall', 'late mesozoic-cenozoic evolution of the sanjiang basin in ne china and its tectonic implications for the west pacific continental margin', 'nonlinearly realized local scale invariance: gravity and matter', 'entropy squeezing and atomic inversion in the k-photon jaynes—cummings model in the presence of the stark shift and a kerr medium: a full nonlinear approach', 'derepression of ethylene-stabilized transcription factors (ein3/eil1) mediates jasmonate and ethylene signaling synergy in arabidopsis', 'clay mineralogy of the nickel laterite ore developed from serpentinised peridotites at murrin murrin, western australia', 'collective band structures in the neutron-rich <sup>107,109</sup>ru nuclei', 'reflection asymmetric shapes in the neutron-rich <sup>140,143</sup>ba isotopes', 'deformed photon-added entangled squeezed vacuum and one-photon states: entanglement, polarization, and nonclassical properties', 'synthesis of thin bundled single walled carbon nanotubes and nanohorn hybrids by arc discharge technique in open air atmosphere', 'the results of extirpation of the anterior lobe of the hypophysis and of the thyroid of rana pipiens larvae', 'impact of changes in grace derived terrestrial water storage on vegetation growth in eurasia', '5 years of gps observations of the afar triplejunction area', 'activated carbon nanospheres derived from bio-waste materials for supercapacitor applications – a review', 'satellite-observed changes in vegetation sensitivities to surface soil moisture and total water storage variations since the 2011 texas drought', 'single-step absorption and phase retrieval with polychromatic x rays using a spectral detector', 'flow and heat transfer of a nanofluid over a hyperbolically stretching sheet', 'nature and origin of the submarine albany canyons off southwest australia', 'spectral absorption coefficient of photosynthetically active pigments in the equatorial pacific ocean (165°11 150°w)', 'a benchmark study of numerical implementations of the sea level equation in gia modelling', 'observation of negative line tensions from plateau border regions in dry foam films', 'vertical variations of soil water and its controlling factors based on the structural equation model in a semi-arid grassland', 'some continuous analogs of expansion in jacobi polynomials and vector valued hypergeometric orthogonal bases', 'a new standard of light', 'removal of phenol, bisphenol a, and 4-tert-butylphenol from synthetic landfill leachate by vertical flow constructed wetlands', 'detrital zircon u-pb geochronology and stratigraphy of the cretaceous sanjiang basin in ne china: provenance record of an abrupt tectonic switch in the mode and nature of the ne asian continental margin evolution', 'powerful quasi-steady-state plasma accelerator for fusion experiments', 'controls of carbon flux in a semi-arid grassland ecosystem experiencing wetland loss: vegetation patterns and environmental variables', 'importance of uniaxial compression for the appearance of superconductivity in ndo<sub>1-x</sub>f<sub>x</sub>bis<sub>2</sub>', 'satellite detection of varying seasonal water supply restrictions on grassland productivity in the missouri basin, usa', 'stratification response of soil water content during rainfall events under different rainfall patterns', 'polydopamine nanotube mediated fluorescent biosensor for hg(ii) determination through exonuclease iii-assisted signal amplification', 'growth and characterization of zno multipods on functional surfaces with different sizes and shapes of ag particles', 'removal of heavy metals from synthetic landfill leachate in lab-scale vertical flow constructed wetlands', 'maximum spin aligned states in <sup>98</sup> <sub>47</sub>ag<sub>51</sub>', 'privacy guidelines for contact tracing applications']","['2013GeoJI.192..557A', '2012Sci...338.1183S', '2003JHyd..270...75A', '2021zndo...4573728R', '2020zndo...3800254J', '2012JGRA..117.3328A', '2012JGRA..117.8317A', '1995PhLB..345..576D', '2016IJAEO..53..103A', '2001JLwT...19..646A', '2010LimOc..55..315A', '2019JHyd..574...53A', '2017JHyMe..18.2117Z', '2014JGRE..119..659A', '1998NuPhB.509..273A', '2012JAESc..49..287Z', '2004PhLB..584..133D', '2014ChPhB..23g4203H', '2011PNAS..10812539Z', '2005AuJES..52..231A', '1998ChPhL..15..793Z', '1997ChPhL..14..569Z', '2016ChPhB..25d0303A', '2015DRM....55...12A', '1916Sci....44..755A', '2015ERL....10l4024A', '1999JGeo...28..225A', '2015RSCAd...588339A', '2017ERL....12e4006A', '2013OptL...38.1461G', '2014ChPhB..23g4401A', '2005AuJES..52..101N', '1997DSRII..44.1881D', '2018GeoJI.215..389M', '2004PMagL..84..199G', '2019ScTEn.691.1016A', '2003math......9445A', '1879Natur..21..158A', '2017ScTEn.578..566A', '2015Tectp.665...58Z', '2002BrJPh..32..165T', '2018AgFM..259..196F', '2014JPhCS.507a2033A', '2020RSEnv.239k1623A', '2018HyPr...32.3128A', '2018Ana...143.2623A', '2013ChPhB..22h8103A', '2017ScTEn.584..742A', '1998EPJA....1....7C', '2020arXiv200413328S']","['*  55 Cn' '* rho Cn' '* rho01 Cn' '** LDS 6219A'
 '2MASS J08523579+2819509' 'AG+28  954' 'AKARI-IRC-V1 J0852355+281949'
 'ASCC  678466' 'BD+28  1660' 'BD+28  1660A' 'CSI+28  1660  1'
 'Ci 20  494' 'GC 12244' 'GCRV  5843' 'GEN# +1.00075732A' 'GJ   324 A'
 'Gaia DR2 704967037090946688' 'HD  75732' 'HIC  43587' 'HIP  43587'
 'HR  3522' 'IRAS 08496+2831' 'JP11  1727' 'LFT  609' 'LHS  2062'
 'LSPM J0852+2819' 'LTT 12310' 'N30 2085' 'NAME Copernicus' 'NLTT 20414'
 'PLX 2117' 'PM 08496+2831' 'PM 08496+2831A' 'PPM  99117' 'SAO  80478'
 'SKY# 17095' 'SPOCS  407' 'TIC 332064670' 'TYC 1949-2012-1' 'UBV    8589'
 'UBV M  14808' 'USNO-B1.0 1183-00181854' 'WDS J08526+2820A' 'WEB  8400'
 'WISEA J085235.41+281948.5' 'YPAC 155' 'YZ  28  4722' '[B10]  2380'
 'uvby98 100075732 A']",GJ   324 A,2457491.5
WASP-29,14260,WASP-29,Deming,Drake,2016-04-15,357.8792483385,-39.90714585933,WFC3 IR G141,75,"['an hst optical-to-near-ir transmission spectrum of the hot jupiter wasp-19b: detection of atmospheric water and likely absence of tio', 'global climate and atmospheric composition of the ultra-hot jupiter wasp-103b from hst and spitzer phase curve observations']","['2013MNRAS.434.3252H', '2018AJ....156...17K']","['2MASS J23513108-3954241' 'CD-40 15273' 'CF 20489'
 'DENIS J235131.0-395423' 'GSC 08015-01020' 'Gaia DR1 6534414715022481536'
 'Gaia DR2 6534414719318224512' 'TIC 183537452' 'TYC 8015-1020-1'
 'UCAC2  14964655' 'UCAC3 101-436827' 'WASP-29']",WASP-29,2457493.5
HAT-P-26,14260,HAT-P-26,Deming,Drake,2016-05-02,213.1564278652,4.059378615043,WFC3 IR G141,150,,,,,2457510.5
K2-18,13665,EPIC201912552,Benneke,Bjorn,2016-05-19,172.5600532846,7.5877867586,WFC3 IR G141,285,"['disentangling atmospheric compositions of k2-18 b with next generation facilities', 'jexosim 2.0: end-to-end jwst simulator for exoplanet spectroscopy - implementation and case studies', 'water vapor and clouds on the habitable-zone sub-neptune exoplanet k2-18b']","['2021ExA...tmp..120C', '2021MNRAS.508..433S', '2019ApJ...887L..14B']","['2MASS J11301450+0735180' 'EPIC 201912552' 'Gaia DR2 3910747531814692736'
 'K2-18' 'Karmn J11302+076' 'PM J11302+0735' 'TIC 388804061'
 'UCAC4 488-054338']",K2-18,2457527.5
WASP-80,14260,WASP-80,Deming,Drake,2016-06-21,303.1675,-2.144222222222,WFC3 IR G141,75,['the impact of non-uniform thermal structure on the interpretation of exoplanet emission spectra'],['2016ApJ...829...52F'],"['1SWASP J201240.26-020838.2' '2MASS J20124017-0208391' 'BPM 80815'
 'GSC 05165-00481' 'Gaia DR2 4223507222112425344' 'NAME Petra'
 'StKM 2-1435' 'TIC 243921117' 'TYC 5165-481-1' 'UCAC4 440-112755'
 'WASP-80']",WASP-80,2457560.5
HAT-P-3,14260,HAT-P-3,Deming,Drake,2016-06-28,206.0940103733,48.0285590036,WFC3 IR G141,178,"['hubble space telescope hot jupiter transmission spectral survey: a detection of na and strong optical absorption in hat-p-1b', 'near-ir transmission spectrum of hat-p-32b using hst/wfc3', 'a near-infrared transmission spectrum for the warm saturn hat-p-12b', 'hubble pancet: an isothermal day-side atmosphere for the bloated gas-giant hat-p-32ab', 'the influence of nonuniform cloud cover on transit transmission spectra', 'hst hot jupiter transmission spectral survey: detection of water in hat-p-1b from wfc3 near-ir spatial scan observations', 'estimating dayside effective temperatures of hot jupiters and associated uncertainties through gaussian process regression', 'the hubble pancet program: a metal-rich atmosphere for the inflated hot jupiter hat-p-41b', 'diagnosing clouds and hazes in exoplanet atmospheres', 'atmospheric characterization of giant exoplanets in extreme environments']","['2014MNRAS.437...46N', '2017AJ....154...39D', '2013ApJ...778..183L', '2018MNRAS.474.1705N', '2016ApJ...820...78L', '2013MNRAS.435.3481W', '2019MNRAS.489..941P', '2021AJ....161...51S', '2015PhDT........66F', '2017PhDT.......144W']","['1SWASP J134422.58+480143.2' '2MASS J13442258+4801432' 'GSC 03466-00819'
 'Gaia DR1 1510191590256382976' 'Gaia DR2 1510191594552968832' 'HAT-P-3'
 'NAME Dombay' 'TIC 311035838' 'TYC 3466-819-1']",HAT-P-3,2457567.5
K2-24,14455,EPIC-2037B,Petigura,Erik,2016-07-05,242.5734017477,-24.99063322564,WFC3 IR G141,188,,,,,2457574.5
WASP-39,14169,GSC-04980-00761,Wakeford,Hannah,2016-07-08,217.3266411676,-3.444481113805,WFC3 IR G102,85,"['the complete transmission spectrum of wasp-39b with a precise water constraint', 'indications for very high metallicity and absence of methane in the eccentric exo-saturn wasp-117b']","['2018AJ....155...29W', '2021A&A...646A.168C']","['1SWASP J142918.42-032640.1' '2MASS J14291840-0326403'
 'DENIS J142918.4-032639' 'GSC 04980-00761' 'Gaia DR2 3643098875168270592'
 'NAME Malmok' 'PPMX J142918.4-032640' 'RAVE J142918.5-032640'
 'TIC 181949561' 'UCAC2  30708677' 'UCAC3 174-135354' 'WASP-39']",WASP-39,2457577.5
HAT-P-26,14110,HAT-P-26,Sing,David,2016-08-16,213.1565851877,4.059369754751,WFC3 IR G102,90,,,,,2457616.5
WASP-69,14260,WASP-69,Deming,Drake,2016-08-16,315.0259793898,-5.094904487636,WFC3 IR G141,95,['probing the atmosphere of wasp-69 b with low- and high-resolution transmission spectroscopy'],['2021arXiv210906335K'],"['2MASS J21000618-0505398' 'BD-05  5432' 'GSC 05200-01560'
 'Gaia DR1 6910753012357203968' 'Gaia DR2 6910753016653587840'
 'PPM 204700' 'TIC 248853232' 'TYC 5200-1560-1' 'WASP-69']",WASP-69,2457616.5
HAT-P-38,14260,HAT-P-38,Deming,Drake,2016-08-26,35.38370530068,32.2462125186,WFC3 IR G141,140,"['an hst/wfc3 thermal emission spectrum of the hot jupiter hat-p-7b', 'a comparative study of wasp-67 b and hat-p-38 b from wfc3 data', 'hst hot jupiter transmission spectral survey: detection of water in hat-p-1b from wfc3 near-ir spatial scan observations']","['2018AJ....156...10M', '2018AJ....155...55B', '2013MNRAS.435.3481W']","['2MASS J02213197+3214461' 'GSC 02314-00559' 'Gaia DR2 324889227693298560'
 'HAT-P-38' 'NAME Horna' 'SPOCS 2021' 'TIC 285272237' 'UCAC4 612-006640'
 '[BFV2016] HTR211-003']",HAT-P-38,2457626.5
WASP-52,14260,WASP-52,Deming,Drake,2016-08-28,348.4948333333,8.761277777778,WFC3 IR G141,56,"['starspot occultations in infrared transit spectroscopy: the case of wasp-52b', 'wasp-52b. the effect of star-spot correction on atmospheric retrievals']","['2018AJ....156..124B', '2020MNRAS.491.5361B']","['2MASS J23135873+0845405' 'Gaia DR2 2666015878575546496' 'NAME Anadolu'
 'SPOCS 3255' 'TIC 427685831' 'UCAC2  34947834' 'UCAC4 494-144379'
 'WASP-52']",WASP-52,2457628.5
HAT-P-12,14260,HAT-P-12,Deming,Drake,2016-08-31,209.388777398,43.4933594611,WFC3 IR G141,160,"['estimating dayside effective temperatures of hot jupiters and associated uncertainties through gaussian process regression', 'a near-infrared transmission spectrum for the warm saturn hat-p-12b']","['2019MNRAS.489..941P', '2013ApJ...778..183L']","['2MASS J13573347+4329367' 'GSC 03033-00706'
 'Gaia DR2 1499514786891168640' 'Gaia EDR3 1499514786891168640' 'HAT-P-12'
 'SDSS J135733.42+432936.5' 'TIC 198108326' 'USNO-B1.0 1334-00248749']",HAT-P-12,2457631.5
WASP-63,14642,WASP-63,Stevenson,Kevin,2016-09-19,94.33644333333,-38.32327777778,WFC3 IR G141,175,['signatures of nitrogen chemistry in hot jupiter atmospheres'],['2017ApJ...850L..15M'],"['1SWASP J061720.74-381923.8' '2MASS J06172074-3819237' 'CD-38  2551'
 'GSC 07612-00556' 'Gaia DR1 5574766463859305344'
 'Gaia DR2 5574766468155514752' 'TIC 393414358' 'TYC 7612-556-1' 'WASP-63']",WASP-63,2457650.5
WASP-101,14767,WASP-101,Sing,David,2016-10-02,98.35108781988,-23.48606092717,WFC3 IR G141,65,['indications for very high metallicity and absence of methane in the eccentric exo-saturn wasp-117b'],['2021A&A...646A.168C'],"['1SWASP J063324.26-232910.2' '2MASS J06332426-2329103' 'CPD-23  1329'
 'GSC 06507-02660' 'Gaia DR1 2924661862864535936'
 'Gaia DR2 2924661867160818304' 'PPM 726498' 'TIC 47911178' 'TOI-471'
 'TYC 6507-2660-1' 'WASP-101']",WASP-101,2457663.5
HAT-P-41,14767,HAT-P-41,Sing,David,2016-10-16,297.3226257214,4.67236770868,WFC3 IR G141,188,"[""into the uv: a precise transmission spectrum of hat-p-41b using hubble's wfc3/uvis g280 grism"", 'into the uv: the atmosphere of the hot jupiter hat-p-41b revealed', 'the hubble pancet program: a metal-rich atmosphere for the inflated hot jupiter hat-p-41b']","['2020AJ....159..204W', '2020ApJ...902L..19L', '2021AJ....161...51S']","['2MASS J19491743+0440207' 'GSC 00488-02442'
 'Gaia DR1 4290415077347790208' 'Gaia DR2 4290415081653653632' 'HAT-P-41'
 'SPOCS 3251' 'TIC 398895470' 'TYC  488-2442-1']",HAT-P-41,2457677.5
WASP-67,14260,WASP-67,Deming,Drake,2016-10-22,295.7437375822,-19.94971383633,WFC3 IR G141,72,"['a comparative study of wasp-67 b and hat-p-38 b from wfc3 data', 'the dark world: a tale of wasp-43b in reflected light with hst wfc3/uvis']","['2018AJ....155...55B', '2021AJ....161..269F']","['1SWASP J194258.51-195658.4' '2MASS J19425852-1956585'
 'Gaia DR1 6868476687190037888' 'Gaia DR2 6868476691490044672'
 'TIC 68952448' 'TYC 6307-1388-1' 'WASP-67']",WASP-67,2457683.5
WASP-76,14767,WASP-76,Sing,David,2016-11-03,26.63296736773,2.70039301883,WFC3 IR G141,94,"['ares i: wasp-76 b, a tale of two hst spectra', 'a population study of gaseous exoplanets']","['2020AJ....160....8E', '2018AJ....155..156T']","['1SWASP J014631.86+024202.0' '2MASS J01463185+0242019' 'AG+02  184'
 'BD+01   316' 'GSC 00032-00111' 'Gaia DR2 2512326349403275520'
 'PPM 144970' 'SAO 110122' 'TIC 293435336' 'TYC   32-111-1' 'WASP-76'
 'YZ   2   503']",WASP-76,2457695.5
WASP-121,14767,WASP-121,Sing,David,2016-11-11,107.6002211467,-39.09724056767,WFC3 IR G141,80,"['a population study of gaseous exoplanets', 'hot exoplanet atmospheres resolved with transit spectroscopy (hearts). iv. a spectral inventory of atoms and molecules in the high-resolution transmission spectrum of wasp-121 b', 'from thermal dissociation to condensation in the atmospheres of ultra hot jupiters: wasp-121b in context']","['2018AJ....155..156T', '2020A&A...641A.123H', '2018A&A...617A.110P']","['1SWASP J071024.05-390550.5' '2MASS J07102406-3905506' 'CD-38  3220'
 'Gaia DR1 5565050251402363648' 'Gaia DR2 5565050255701441664'
 'TIC 22529346' 'TOI-495' 'TYC 7630-352-1' 'WASP-121']",WASP-121,2457703.5
TOI-1476,14664,KELT-1,Beatty,Thomas,2016-11-23,0.3621983017863,39.38373147379,WFC3 IR G141,760,,,,,2457715.5
HAT-P-32,14767,HAT-P-32,Sing,David,2016-12-18,31.04274050171,46.68785778957,WFC3 IR G141,90,"['near-ir transmission spectrum of hat-p-32b using hst/wfc3', 'hubble pancet: an isothermal day-side atmosphere for the bloated gas-giant hat-p-32ab']","['2017AJ....154...39D', '2018MNRAS.474.1705N']","['2MASS J02041028+4641162' 'GSC 03281-00800' 'Gaia DR1 356348282588373888'
 'Gaia DR2 356348286886230272' 'HAT-P-32' 'TIC 292152376' 'TYC 3281-800-1'
 'UCAC2  47486078' 'UCAC3 274-27296']",HAT-P-32,2457740.5
HAT-P-11,14793,HAT-P-11,Bean,Jacob,2016-12-26,297.7102638156,48.08194938398,WFC3 IR G102,513,"['detection of helium in the atmosphere of the exo-neptune hat-p-11b', 'diagnosing clouds and hazes in exoplanet atmospheres', 'the influence of nonuniform cloud cover on transit transmission spectra']","['2018ApJ...868L..34M', '2015PhDT........66F', '2016ApJ...820...78L']","['2MASS J19505021+4804508' 'ASCC  346382' 'BD+47  2936' 'G 208-41'
 'GSC 03561-02092' 'Gaia DR1 2086512223550151936'
 'Gaia DR2 2086512227851023872' 'HAT-P-11' 'HIC  97657' 'HIP  97657'
 'KIC 10748390' 'KOI-3' 'Kepler-3' 'LSPM J1950+4804' 'NLTT 48335'
 'SPOCS 4127' 'TIC 28230919' 'TYC 3561-2092-1' 'USNO-B1.0 1380-00392296'
 'WISEA J195050.38+480453.5']",HAT-P-11,2457748.5
HAT-P-7,14792,HAT-P-7,Bean,Jacob,2017-01-04,292.2472357365,47.96955777664,WFC3 IR G141,210,"['the influence of nonuniform cloud cover on transit transmission spectra', 'estimating dayside effective temperatures of hot jupiters and associated uncertainties through gaussian process regression', 'the hubble pancet program: a metal-rich atmosphere for the inflated hot jupiter hat-p-41b', 'diagnosing clouds and hazes in exoplanet atmospheres', 'an hst/wfc3 thermal emission spectrum of the hot jupiter hat-p-7b', 'atmospheric characterization of giant exoplanets in extreme environments']","['2016ApJ...820...78L', '2019MNRAS.489..941P', '2021AJ....161...51S', '2015PhDT........66F', '2018AJ....156...10M', '2017PhDT.......144W']","['2MASS J19285935+4758102' 'AG+47 1439' 'BD+47  2846' 'GSC 03547-01402'
 'Gaia DR1 2129256390911665920' 'Gaia DR2 2129256395211984000' 'HAT-P-7'
 'KIC 10666592' 'KOI-2' 'Kepler-2' 'PPM  58383' 'SPOCS 4118'
 'TIC 424865156' 'TYC 3547-1402-1']",HAT-P-7,2457757.5
TRAPPIST-1,14873,2MASS-J23062928-0502285,de Wit,Julien,2017-01-10,346.6265416667,-5.043583333333,WFC3 IR G141,360,"['the near-infrared transmission spectra of trappist-1 planets b, c, d, e, f, and g and stellar contamination in multi-epoch transit spectra', 'the 0.8-4.5 μm broadband transmission spectra of trappist-1 planets', 'transmission spectroscopy of wasp-79b from 0.6 to 5.0 μm', 'transmission spectroscopy of the hot-jupiter wasp-79b from 0.6 to 1.7 μm', 'spectral resolution-linked bias in transit spectroscopy of extrasolar planets']","['2018AJ....156..178Z', '2018AJ....156..218D', '2020AJ....159....5S', '2018AGUFM.P44B..07S', '2017ApJ...841L...3D']","['2MASS J23062928-0502285' '2MASSI J2306292-050227'
 '2MASSW J2306292-050227' '2MUCD 12171' 'EPIC 200164267' 'EPIC 246199087'
 'Gaia DR2 2635476908753563008' 'K2-112' 'Karmn J23064-050'
 'TIC 278892590' 'TRAPPIST-1' 'WISEA J230630.02-050234.1']",TRAPPIST-1,2457763.5
HAT-P-18,14260,HAT-P-18,Deming,Drake,2017-01-13,256.3461362997,33.01230215044,WFC3 IR G141,160,"['estimating dayside effective temperatures of hot jupiters and associated uncertainties through gaussian process regression', 'atmospheric characterization of giant exoplanets in extreme environments']","['2019MNRAS.489..941P', '2017PhDT.......144W']","['2MASS J17052315+3300450' 'GSC 02594-00646'
 'Gaia DR2 1334573817793362560' 'HAT-P-18' 'SPOCS 3268' 'TIC 21744120'
 'UCAC2  43456357' 'UCAC3 247-120011']",HAT-P-18,2457766.5
Kepler-51,14218,KEPLER-51,Berta-Thompson,Zach,2017-01-25,296.479775,49.93768333333,WFC3 IR G141,862,"['the featureless transmission spectra of two super-puff planets', 'from super-puffs to super-earths: finding and studying low-mass planets of varying h/he content']","['2020AJ....159...57L', '2021PhDT.........4L']","['2MASS J19455514+4956156' 'Gaia DR2 2135275362382289280' 'KIC 11773022'
 'KOI-620' 'Kepler-51' 'SPOCS 4255' 'TIC 27846348']",Kepler-51,2457778.5
GJ  3651,13665,HD-97658,Benneke,Bjorn,2017-01-31,168.6376401401,25.71061782072,WFC3 IR G141,386,,,,,2457784.5
WASP-39,14260,WASP-39,Deming,Drake,2017-02-07,217.3266096382,-3.444486695326,WFC3 IR G141,140,"['the complete transmission spectrum of wasp-39b with a precise water constraint', 'indications for very high metallicity and absence of methane in the eccentric exo-saturn wasp-117b']","['2018AJ....155...29W', '2021A&A...646A.168C']","['1SWASP J142918.42-032640.1' '2MASS J14291840-0326403'
 'DENIS J142918.4-032639' 'GSC 04980-00761' 'Gaia DR2 3643098875168270592'
 'NAME Malmok' 'PPMX J142918.4-032640' 'RAVE J142918.5-032640'
 'TIC 181949561' 'UCAC2  30708677' 'UCAC3 174-135354' 'WASP-39']",WASP-39,2457791.5
WASP-79,14767,WASP-79,Sing,David,2017-03-03,66.370917566,-30.60041576986,WFC3 IR G141,130,"['climate of an ultra hot jupiter. spectroscopic phase curve of wasp-18b with hst/wfc3', 'transmission spectroscopy of wasp-79b from 0.6 to 5.0 μm', 'the emission spectrum of the hot jupiter wasp-79b from hst/wfc3', 'transmission spectroscopy of the hot-jupiter wasp-79b from 0.6 to 1.7 μm']","['2019A&A...625A.136A', '2020AJ....159....5S', '2021arXiv210714334F', '2018AGUFM.P44B..07S']","['1SWASP J042529.01-303601.5' '2MASS J04252901-3036016' 'CD-30  1812'
 'CPC 17  1627' 'CPD-30   586' 'GSC 07038-00834'
 'Gaia DR1 4884779761597421952' 'Gaia DR2 4884779765893739904'
 'NAME Montuno' 'PPM 280200' 'RAVE J042529.0-303602' 'SAO 195000'
 'TIC 170634116' 'TOI-413' 'TYC 7038-834-1' 'WASP-79']",WASP-79,2457815.5
WASP-74,14767,WASP-74,Sing,David,2017-05-02,304.5388581226,-1.076027666436,WFC3 IR G141,152,['the hubble pancet program: transit and eclipse spectroscopy of the hot jupiter wasp-74b'],['2021arXiv211004415F'],"['1SWASP J201809.32-010432.6' '2MASS J20180931-0104324' 'AG-01 2470'
 'BD-01  3943' 'GSC 05162-01142' 'Gaia DR1 4224062402466162176'
 'Gaia DR2 4224062406762625152' 'PPM 180934' 'SPOCS 3249' 'TIC 244089109'
 'TYC 5162-1142-1' 'WASP-74']",WASP-74,2457875.5
WASP-6,14767,WASP-6,Sing,David,2017-05-06,348.1572331719,-22.6740884795,WFC3 IR G141,63,"['transmission spectroscopy of wasp-79b from 0.6 to 5.0 μm', 'a photochemical model for the carbon-rich planet wasp-12b', 'high-precision multiwavelength eclipse photometry of the ultra-hot gas giant exoplanet wasp-103 b', 'the emission spectrum of the hot jupiter wasp-79b from hst/wfc3', 'access: confirmation of no potassium in the atmosphere of wasp-31b', 'the hubble pancet program: transit and eclipse spectroscopy of the hot jupiter wasp-74b', 'transmission spectroscopy of the hot-jupiter wasp-79b from 0.6 to 1.7 μm', 'the transmission spectrum of wasp-17 b from the optical to the near-infrared wavelengths: combining stis, wfc3 and irac datasets', 'diagnosing clouds and hazes in exoplanet atmospheres']","['2020AJ....159....5S', '2012ApJ...745...77K', '2018MNRAS.474.2334D', '2021arXiv210714334F', '2020AJ....160..230M', '2021arXiv211004415F', '2018AGUFM.P44B..07S', '2021arXiv210813721S', '2015PhDT........66F']","['1SWASP J231237.75-224026.1' '2MASS J23123773-2240261'
 'DENIS J231237.7-224025' 'Gaia DR1 2385171398768647552'
 'Gaia DR2 2385171398768647552' 'NAME Marohu' 'TIC 204376737'
 'TYC 6972-75-1' 'UCAC2  22823425' 'USNO-B1.0 0673-01077008' 'WASP-6']",WASP-6,2457879.5
WASP-107,14916,TYC-5530-1795-1,Spake,Jessica,2017-05-31,188.3863944541,-10.14619643408,WFC3 IR G102,85,"['high-resolution confirmation of an extended helium atmosphere around wasp-107b', 'detection of helium in the atmosphere of the exo-neptune hat-p-11b', 'indications for very high metallicity and absence of methane in the eccentric exo-saturn wasp-117b']","['2019A&A...623A..58A', '2018ApJ...868L..34M', '2021A&A...646A.168C']","['2MASS J12333284-1008461' 'EPIC 228724232' 'Gaia DR2 3578638842054261248'
 'K2-235' 'TIC 429302040' 'TOI-1905' 'TYC 5530-1795-1' 'WASP-107']",WASP-107,2457904.5
WASP-107,14915,TYC-5530-1795-1,Kreidberg,Laura,2017-06-06,188.3863940311,-10.14619647568,WFC3 IR G141,99,"['high-resolution confirmation of an extended helium atmosphere around wasp-107b', 'detection of helium in the atmosphere of the exo-neptune hat-p-11b', 'indications for very high metallicity and absence of methane in the eccentric exo-saturn wasp-117b']","['2019A&A...623A..58A', '2018ApJ...868L..34M', '2021A&A...646A.168C']","['2MASS J12333284-1008461' 'EPIC 228724232' 'Gaia DR2 3578638842054261248'
 'K2-235' 'TIC 429302040' 'TOI-1905' 'TYC 5530-1795-1' 'WASP-107']",WASP-107,2457910.5
WASP-17,14918,WASP-17,Wakeford,Hannah,2017-09-25,239.962235753,-28.06181167638,WFC3 IR G141,200,"['exoplanet transit spectroscopy using wfc3: wasp-12 b, wasp-17 b, and wasp-19 b', 'the transmission spectrum of wasp-17 b from the optical to the near-infrared wavelengths: combining stis, wfc3 and irac datasets', 'transmission spectroscopy of the hot-jupiter wasp-79b from 0.6 to 1.7 μm']","['2013ApJ...779..128M', '2021arXiv210813721S', '2018AGUFM.P44B..07S']","['1SWASP J155950.94-280342.3' '2MASS J15595095-2803422' 'CD-27 10695'
 'DENIS J155950.9-280342' 'GSC 06787-01927' 'Gaia DR1 6042793001473655936'
 'Gaia DR2 6042793005779654656' 'NAME Diwo' 'SPOCS 2912' 'TIC 66818296'
 'TYC 6787-1927-1' 'UCAC2  20178691' 'USNO-B1.0 0619-00419495' 'WASP-17']",WASP-17,2458021.5
HD  33643,14767,KELT-7,Sing,David,2017-10-18,78.29560283589,33.31792328494,WFC3 IR G141,378,,,,,2458044.5
WASP-33,15109,HD-15082,Kreidberg,Laura,2017-11-02,36.71273462501,37.55043486951,WFC3 IR G102,66,"['estimating dayside effective temperatures of hot jupiters and associated uncertainties through gaussian process regression', 'spectroscopic evidence for a temperature inversion in the dayside atmosphere of hot jupiter wasp-33b', 'from thermal dissociation to condensation in the atmospheres of ultra hot jupiters: wasp-121b in context']","['2019MNRAS.489..941P', '2015ApJ...806..146H', '2018A&A...617A.110P']","['1SWASP J022651.05+373301.7' '2MASS J02265106+3733017' 'AG+37  282'
 'BD+36   489' 'GEN# +1.00015082' 'GPM  36.712745+37.550502' 'GPM1  84'
 'GSC 02831-00594' 'Gaia DR1 328636019723252096'
 'Gaia DR2 328636019723252096' 'HD  15082' 'HIC  11397' 'HIP  11397'
 'PPM  67341' 'Pul -3  190002' 'Renson 3750' 'SAO  55561' 'TD1  1417'
 'TIC 129979528' 'TYC 2831-594-1' 'WASP-33' 'uvby98 100015082']",WASP-33,2458059.5
GJ  1132,14758,LHS-281,Berta-Thompson,Zach,2017-11-26,153.7082919265,-47.15463037806,WFC3 IR G141,440,"['ares. v. no evidence for molecular absorption in the hst wfc3 spectrum of gj 1132 b', 'detection of an atmosphere on a rocky exoplanet', 'the featureless hst/wfc3 transmission spectrum of the rocky exoplanet gj 1132b: no evidence for a cloud-free primordial atmosphere and constraints on starspot contamination', 'from super-puffs to super-earths: finding and studying low-mass planets of varying h/he content']","['2021AJ....161..284M', '2021AJ....161..213S', '2021arXiv210510487L', '2021PhDT.........4L']","['** GJ 1132A' '2MASS J10145184-4709244' 'GCRV 26265' 'GEN# +9.86320124'
 'GJ  1132' 'Gaia DR2 5413438219396893568' 'L  320-124' 'LFT  707'
 'LHS   281' 'LTT  3758' 'NLTT 23819' 'PM 10129-4655' 'PM J10148-4709'
 'RAVE J101451.9-470925' 'TIC 101955023' 'UCAC4 215-047789'
 'WDS J10149-4709A' 'WISE J101450.69-470919.8' 'WISEA J101450.66-470919.7'
 '[RHG95]  1608']",GJ  1132,2458083.5
WASP-121,15135,WASP-121,Mikal-Evans,Thomas,2017-12-09,107.6002225448,-39.09724998028,WFC3 IR G102,158,"['a population study of gaseous exoplanets', 'hot exoplanet atmospheres resolved with transit spectroscopy (hearts). iv. a spectral inventory of atoms and molecules in the high-resolution transmission spectrum of wasp-121 b', 'from thermal dissociation to condensation in the atmospheres of ultra hot jupiters: wasp-121b in context', ""analyzing eight years of transiting exoplanet observations using wfc3's spatial scan monitor""]","['2018AJ....155..156T', '2020A&A...641A.123H', '2018A&A...617A.110P', '2019wfc..rept...12S']","['1SWASP J071024.05-390550.5' '2MASS J07102406-3905506' 'CD-38  3220'
 'Gaia DR1 5565050251402363648' 'Gaia DR2 5565050255701441664'
 'TIC 22529346' 'TOI-495' 'TYC 7630-352-1' 'WASP-121']",WASP-121,2458096.5
GJ  3053,14888,GJ-3053,Dittmann,Jason,2017-12-15,11.2487087443,-15.27449201423,WFC3 IR G141,237,,,,,2458102.5
K2-3,14682,K2-3,Benneke,Bjorn,2018-02-13,172.3353466857,-1.455159394323,WFC3 IR G141,786,"['water vapor and clouds on the habitable-zone sub-neptune exoplanet k2-18b', 'the near-infrared transmission spectra of trappist-1 planets b, c, d, e, f, and g and stellar contamination in multi-epoch transit spectra', 'disentangling atmospheric compositions of k2-18 b with next generation facilities']","['2019ApJ...887L..14B', '2018AJ....156..178Z', '2021ExA...tmp..120C']","['2MASS J11292037-0127173' 'EPIC 201367065' 'Gaia DR2 3796690380302214272'
 'K2-3' 'PM 11293-0127' 'PM J11293-0127' 'PPMX J112920.3-012717'
 'TIC 173103335' 'UCAC4 443-054906' 'WISEA J112920.45-012718.0']",K2-3,2458162.5
WASP-127,14619,WASP-127,Spake,Jessica,2018-04-09,160.5587554582,-3.834994568463,WFC3 IR G141,75,,,,,2458217.5
HD  93396,15255,HD-93396,Colon,Knicole,2018-04-18,161.7068495901,-9.399419404682,WFC3 IR G141,276,,,,,2458226.5
K2-18,14682,K2-18,Benneke,Bjorn,2018-05-14,172.5600283225,7.587749092204,WFC3 IR G141,532,"['disentangling atmospheric compositions of k2-18 b with next generation facilities', 'jexosim 2.0: end-to-end jwst simulator for exoplanet spectroscopy - implementation and case studies', 'water vapor and clouds on the habitable-zone sub-neptune exoplanet k2-18b']","['2021ExA...tmp..120C', '2021MNRAS.508..433S', '2019ApJ...887L..14B']","['2MASS J11301450+0735180' 'EPIC 201912552' 'Gaia DR2 3910747531814692736'
 'K2-18' 'Karmn J11302+076' 'PM J11302+0735' 'TIC 388804061'
 'UCAC4 488-054338']",K2-18,2458252.5
Kepler-79,15138,KEPLER-79,Jontof-Hutter,Daniel,2018-11-07,300.5171083333,44.38155555556,WFC3 IR G141,184,,,,,2458429.5
WASP-96,15469,2MASS-J00041112-4721382,Nikolov,Nikolay,2018-12-28,1.046529901205,-47.36060548087,WFC3 IR G141,170,"['climate of an ultra hot jupiter. spectroscopic phase curve of wasp-18b with hst/wfc3', 'on the compatibility of ground-based and space-based data: wasp-96 b, an example']","['2019A&A...625A.136A', '2021AJ....161....4Y']","['1SWASP J000411.14-472138.2' '2MASS J00041112-4721382'
 'Gaia DR2 4990044668377961984' 'TIC 160148385' 'WASP-96']",WASP-96,2458480.5
WASP-121,15134,WASP-121,Mikal-Evans,Thomas,2019-02-05,107.6002221748,-39.09724192817,WFC3 IR G141,832,"['a population study of gaseous exoplanets', 'hot exoplanet atmospheres resolved with transit spectroscopy (hearts). iv. a spectral inventory of atoms and molecules in the high-resolution transmission spectrum of wasp-121 b', 'from thermal dissociation to condensation in the atmospheres of ultra hot jupiters: wasp-121b in context']","['2018AJ....155..156T', '2020A&A...641A.123H', '2018A&A...617A.110P']","['1SWASP J071024.05-390550.5' '2MASS J07102406-3905506' 'CD-38  3220'
 'Gaia DR1 5565050251402363648' 'Gaia DR2 5565050255701441664'
 'TIC 22529346' 'TOI-495' 'TYC 7630-352-1' 'WASP-121']",WASP-121,2458519.5
KIC 12266812,15685,2MASS-J19432996+5059289,Vanderburg,Andrew,2019-05-05,295.8748694226,50.99141426932,WFC3 IR G141,344,,,,,2458608.5
K2-96,15333,HD-3167,Crossfield,Ian,2019-09-11,8.740274036534,4.380582363774,WFC3 IR G141,914,,,,,2458737.5
WASP-117,15301,CD-50-714,Carone,Ludmila,2019-09-22,36.775405,-50.28454166667,WFC3 IR G141,223,['indications for very high metallicity and absence of methane in the eccentric exo-saturn wasp-117b'],['2021A&A...646A.168C'],"['2MASS J02270610-5017042' 'CD-50   714' 'CPC  0  1150' 'CPD-50   346'
 'GSC 08055-00876' 'Gaia DR1 4746157733613409408'
 'Gaia DR2 4746157737910069888' 'PPM 331895' 'RAVE J022706.1-501704'
 'SAO 232772' 'TIC 166739520' 'TYC 8055-876-1' 'WASP-117']",WASP-117,2458748.5
HD 219666,15698,HD-219666,Beatty,Thomas,2019-11-12,349.5574838986,-56.9039209461,WFC3 IR G141,221,,,,,2458799.5
K2-109,15333,HD-106315,Crossfield,Ian,2019-11-24,183.4724663983,-0.3934174994553,WFC3 IR G141,437,,,,,2458811.5
K2-135,15333,BD-02-5958,Crossfield,Ian,2020-01-08,351.7722219973,-1.285074056677,WFC3 IR G141,523,,,,,2458856.5
HD 195689,15820,HD-195689,Pino,Lorenzo,2020-01-25,307.8599272604,39.93894391318,WFC3 IR G141,216,,,,,2458873.5
K2-93,15333,HIP-41378,Crossfield,Ian,2020-05-20,126.6160247768,10.08034944531,WFC3 IR G141,364,,,,,2458989.5
TOI-674,15333,TOI674,Crossfield,Ian,2020-07-26,164.5871874101,-36.85811212822,WFC3 IR G141,166,,,,,2459056.5
HD 219666,15969,HD-219666,Fu,Guangwei,2020-08-28,349.560090277,-56.90401066165,WFC3 IR G141,659,,,,,2459089.5
HAT-P-2,16194,HAT-P-2,Desert,Jean-Michel,2020-12-21,245.1514117228,41.04791674391,WFC3 IR G141,279,"['detection of helium in the atmosphere of the exo-neptune hat-p-11b', 'near-ir transmission spectrum of hat-p-32b using hst/wfc3', 'hst hot jupiter transmission spectral survey: detection of water in hat-p-1b from wfc3 near-ir spatial scan observations', 'into the uv: the atmosphere of the hot jupiter hat-p-41b revealed', 'the hubble pancet program: a metal-rich atmosphere for the inflated hot jupiter hat-p-41b', 'estimating dayside effective temperatures of hot jupiters and associated uncertainties through gaussian process regression', 'diagnosing clouds and hazes in exoplanet atmospheres', 'atmospheric characterization of giant exoplanets in extreme environments']","['2018ApJ...868L..34M', '2017AJ....154...39D', '2013MNRAS.435.3481W', '2020ApJ...902L..19L', '2021AJ....161...51S', '2019MNRAS.489..941P', '2015PhDT........66F', '2017PhDT.......144W']","['2MASS J16203635+4102531' 'AG+41 1379' 'BD+41  2693' 'GSC 03065-01195'
 'Gaia DR1 1380825663472844800' 'Gaia DR2 1380825667768742144' 'HAT-P-2'
 'HD 147506' 'HIC  80076' 'HIP  80076' 'NAME Hunor' 'PPM  55354'
 'SAO  46035' 'TIC 39903405' 'TYC 3065-1195-1']",HAT-P-2,2459204.5
GJ  3193,16039,LTT-1445A,Sing,David,2021-01-18,45.46353459342,-16.59374998674,WFC3 IR G141,350,,,,,2459232.5
HD 287325,16307,HAT-P-70B,Fu,Guangwei,2021-01-27,74.55234040454,9.997992262655,WFC3 IR G141,72,,,,,2459241.5
L   98-59,15856,L-98-59,Barclay,Thomas,2021-02-24,124.5332629776,-68.31490241704,WFC3 IR G141,754,,,,,2459269.5
WASP-178,16450,HD-134004,Lothringer,Joshua,2021-03-05,227.270308658,-42.70497572401,WFC3 IR G141,152,,,,,2459278.5
LTT  9779,16457,CD-38-15670,Edwards,Billy,2021-06-12,358.669393057,-37.6283402743,WFC3 IR G141,69,,,,,2459377.5
LF  2 +31  176,16307,HD-185603B,Fu,Guangwei,2021-07-20,294.6614185836,31.21918965309,WFC3 IR G141,106,,,,,2459415.5
